FirstName,MiddleName,LastName,Gender,EmployeeCPRId,CPRExpiryDate,MobileNumber,EmailId,PlaceOfBirth,DateOfBirth,Nationality,PassportNumber,PassportExpiry,AddressType,FlatNumber,BuildingNumber,RoadNumber,BlockNumber,PreferedCommunicationLanguage,ValidProofOfIdentification,Occupation,expect,testcase,reason
Zachary,Murphy,Carroll,male,912364792,08/19/2024,38885811,jeremy63@example.com,Port Robert,1993-07-21,San Marino,zZzT39527,11/23/2022,other,jfWQ78,i08,CN878,420,english,CPR,Electrical engineer,,,
Angela,Ramirez,Rodriguez,female,909199714,01/11/2029,39954836,hannah32@example.net,New Roberto,2008-11-04,Rwanda,sZUT05672,11/23/2022,work,aDSh37,U25,JF573,781,malayalam,CPR,Administrator,,,
Wayne,Johnson,Armstrong,male,959246687,05/20/2026,36310419,hford@example.net,West Aaronberg,1977-12-08,Samoa,Byds59809,11/24/2022,work,WEKQ68,B65,at912,0652,english,CPR,"Scientist, product/process development",,,
Tamara,Holt,Morse,female,985523911,04/22/2052,38249959,kristin74@example.net,North Christopherburgh,1995-09-10,Botswana,VtzD58494,11/29/2022,office,JYyE95,I81,Hu775,1455,hindi,CPR,"Scientist, forensic",,,
Kathy,Mcgee,Davis,female,988747860,03/24/2039,31869483,james86@example.com,Castillotown,2006-03-09,Uzbekistan,KNxW89691,11/17/2022,home,Ijjk73,j39,tU088,55681,hindi,CPR,"Teacher, special educational needs",,,
Megan,Mcdonald,Tucker,female,911082154,06/12/2052,34383613,rachel29@example.com,Lake Victor,2004-05-23,San Marino,fDjm35190,11/16/2022,work,ityW96,g70,qo021,501,hindi,CPR,"Lecturer, higher education",,,
Tracy,Banks,Contreras,female,987229928,01/16/2025,37969555,hsimmons@example.net,Fosterton,1988-03-22,Turkey,ruOi25001,11/14/2022,other,Pqun61,J59,IE230,75869,english,CPR,Jewellery designer,,,
Ashley,Johnson,Jackson,female,990476342,07/14/2037,31044383,kennethdavis@example.net,New Janetside,2018-05-16,Timor-Leste,icmP21862,11/17/2022,other,JkbT70,K52,Bc022,2918,hindi,CPR,Arts administrator,,,
Caleb,Lewis,Robinson,male,940511523,02/15/2029,38620855,daniel49@example.org,Longstad,2012-09-12,Macedonia,NVDq44274,11/28/2022,home,bNNv74,n15,ZH340,43131,english,CPR,Psychotherapist,,,
Andrew,Salazar,Mitchell,male,966947811,07/31/2026,31874627,jacobsrachel@example.com,West Rachelbury,2018-08-28,Grenada,ruGX98859,11/05/2022,home,OnCK22,n22,cI189,43230,hindi,CPR,Estate agent,,,
